{"cameraMode":{"drawMode":0,"name":"Shaded","section":"Shading Mode"},"sceneLighting":false,"audioPlay":false,"sceneViewState":{"showFog":false,"showMaterialUpdate":false,"showSkybox":true,"showFlares":false,"showImageEffects":false,"showParticleSystems":false},"in2DMode":false,"pivot":{"x":-391.9410095214844,"y":281.0389099121094,"z":-125.56022644042969},"rotation":{"x":-0.010709315538406372,"y":0.9873507022857666,"z":-0.13851486146450044,"w":-0.07640416920185089},"size":400.1037292480469,"orthographic":false}