{"cameraMode":{"drawMode":0,"name":"Shaded","section":"Shading Mode"},"sceneLighting":false,"audioPlay":false,"sceneViewState":{"showFog":false,"showMaterialUpdate":false,"showSkybox":true,"showFlares":false,"showImageEffects":false,"showParticleSystems":false},"in2DMode":false,"pivot":{"x":-410.0,"y":439.6886901855469,"z":240.25631713867188},"rotation":{"x":0.44954100251197817,"y":-0.01917974092066288,"z":0.009664845652878285,"w":0.8930014967918396},"size":6.484507083892822,"orthographic":false}