{"cameraMode":{"drawMode":0,"name":"Shaded","section":"Shading Mode"},"sceneLighting":false,"audioPlay":false,"sceneViewState":{"showFog":false,"showMaterialUpdate":false,"showSkybox":true,"showFlares":false,"showImageEffects":false,"showParticleSystems":false},"in2DMode":false,"pivot":{"x":-0.6111813187599182,"y":-0.1933358758687973,"z":-2.55783748626709},"rotation":{"x":-0.05375588312745094,"y":0.9459676146507263,"z":-0.23739033937454225,"w":-0.21424612402915955},"size":19.346586227416993,"orthographic":false}