{"cameraMode":{"drawMode":0,"name":"Shaded","section":"Shading Mode"},"sceneLighting":false,"audioPlay":false,"sceneViewState":{"showFog":false,"showMaterialUpdate":false,"showSkybox":true,"showFlares":false,"showImageEffects":false,"showParticleSystems":false},"in2DMode":false,"pivot":{"x":-557.0729370117188,"y":257.84222412109377,"z":-18.816471099853517},"rotation":{"x":-0.061627522110939029,"y":0.9236339926719666,"z":-0.16795389354228974,"w":-0.33896002173423769},"size":377.7635803222656,"orthographic":false}