{"cameraMode":{"drawMode":0,"name":"Shaded","section":"Shading Mode"},"sceneLighting":false,"audioPlay":false,"sceneViewState":{"showFog":false,"showMaterialUpdate":false,"showSkybox":true,"showFlares":false,"showImageEffects":false,"showParticleSystems":false},"in2DMode":false,"pivot":{"x":-156.72361755371095,"y":305.4459228515625,"z":517.0764770507813},"rotation":{"x":0.13177920877933503,"y":0.3134171664714813,"z":-0.043956924229860309,"w":0.9393997192382813},"size":400.1037292480469,"orthographic":false}