{"cameraMode":{"drawMode":0,"name":"Shaded","section":"Shading Mode"},"sceneLighting":false,"audioPlay":false,"sceneViewState":{"showFog":false,"showMaterialUpdate":false,"showSkybox":true,"showFlares":false,"showImageEffects":false,"showParticleSystems":false},"in2DMode":false,"pivot":{"x":0.0,"y":0.6886959671974182,"z":0.25631967186927798},"rotation":{"x":0.021987948566675187,"y":0.9735026359558106,"z":-0.2012634128332138,"w":0.1063123568892479},"size":6.484498977661133,"orthographic":false}