{"cameraMode":{"drawMode":0,"name":"Shaded","section":"Shading Mode"},"sceneLighting":false,"audioPlay":false,"sceneViewState":{"showFog":false,"showMaterialUpdate":false,"showSkybox":true,"showFlares":false,"showImageEffects":false,"showParticleSystems":false},"in2DMode":false,"pivot":{"x":-673.6930541992188,"y":191.37857055664063,"z":204.06556701660157},"rotation":{"x":-0.17005577683448792,"y":0.7235180735588074,"z":-0.19199387729167939,"w":-0.6408908367156982},"size":400.1037292480469,"orthographic":false}