{"cameraMode":{"drawMode":0,"name":"Shaded","section":"Shading Mode"},"sceneLighting":false,"audioPlay":false,"sceneViewState":{"showFog":false,"showMaterialUpdate":false,"showSkybox":true,"showFlares":false,"showImageEffects":false,"showParticleSystems":false},"in2DMode":false,"pivot":{"x":-195.1505126953125,"y":456.6508483886719,"z":236.6049041748047},"rotation":{"x":0.03680834919214249,"y":-0.947569727897644,"z":0.11846674233675003,"w":0.29448676109313967},"size":17.184036254882814,"orthographic":false}