{"cameraMode":{"drawMode":0,"name":"Shaded","section":"Shading Mode"},"sceneLighting":false,"audioPlay":false,"sceneViewState":{"showFog":false,"showMaterialUpdate":false,"showSkybox":true,"showFlares":false,"showImageEffects":false,"showParticleSystems":false},"in2DMode":false,"pivot":{"x":-334.5135803222656,"y":601.3145141601563,"z":242.72447204589845},"rotation":{"x":-0.09671830385923386,"y":0.8956521153450012,"z":-0.23910647630691529,"w":-0.3623272180557251},"size":6.872942924499512,"orthographic":false}