{"cameraMode":{"drawMode":0,"name":"Shaded","section":"Shading Mode"},"sceneLighting":false,"audioPlay":false,"sceneViewState":{"showFog":false,"showMaterialUpdate":false,"showSkybox":true,"showFlares":false,"showImageEffects":false,"showParticleSystems":false},"in2DMode":false,"pivot":{"x":252.29608154296876,"y":-36.782501220703128,"z":82.56692504882813},"rotation":{"x":0.12791654467582704,"y":0.4643716812133789,"z":-0.06797654926776886,"w":0.8737136721611023},"size":400.103759765625,"orthographic":false}